1007,3/3/2026 12:00:00 AM
1007,4/16/2026 12:00:00 AM
1007,6/1/2026 12:00:00 AM
1007,7/7/2026 12:00:00 AM
1007,8/19/2026 12:00:00 AM
1011,3/3/2026 12:00:00 AM
1011,4/16/2026 12:00:00 AM
1011,6/1/2026 12:00:00 AM
1011,7/7/2026 12:00:00 AM
1011,8/19/2026 12:00:00 AM
1020,3/10/2026 12:00:00 AM
1020,4/23/2026 12:00:00 AM
1020,6/15/2026 12:00:00 AM
1020,7/22/2026 12:00:00 AM
1020,9/8/2026 12:00:00 AM
1021,3/10/2026 12:00:00 AM
1021,3/13/2026 12:00:00 AM
1021,4/23/2026 12:00:00 AM
1021,5/29/2026 12:00:00 AM
1021,7/6/2026 12:00:00 AM
1038,4/1/2026 12:00:00 AM
1038,4/2/2026 12:00:00 AM
1038,5/12/2026 12:00:00 AM
1038,6/30/2026 12:00:00 AM
1038,8/14/2026 12:00:00 AM
1045,4/24/2026 12:00:00 AM
1045,6/11/2026 12:00:00 AM
1045,7/22/2026 12:00:00 AM
1045,9/4/2026 12:00:00 AM
1048,3/24/2026 12:00:00 AM
1048,5/8/2026 12:00:00 AM
1048,6/17/2026 12:00:00 AM
1048,8/4/2026 12:00:00 AM
1049,3/25/2026 12:00:00 AM
1049,5/7/2026 12:00:00 AM
1049,6/18/2026 12:00:00 AM
1049,8/5/2026 12:00:00 AM
1050,3/25/2026 12:00:00 AM
1050,5/7/2026 12:00:00 AM
1050,6/26/2026 12:00:00 AM
1050,8/3/2026 12:00:00 AM
1052,4/13/2026 12:00:00 AM
1052,5/20/2026 12:00:00 AM
1052,6/30/2026 12:00:00 AM
1052,8/14/2026 12:00:00 AM
1054,3/26/2026 12:00:00 AM
1054,5/11/2026 12:00:00 AM
1054,6/19/2026 12:00:00 AM
1054,8/28/2026 12:00:00 AM
1056,4/2/2026 12:00:00 AM
1056,5/13/2026 12:00:00 AM
1056,6/30/2026 12:00:00 AM
1056,8/14/2026 12:00:00 AM
1057,3/17/2026 12:00:00 AM
1057,4/29/2026 12:00:00 AM
1057,6/8/2026 12:00:00 AM
1057,7/20/2026 12:00:00 AM
1057,9/11/2026 12:00:00 AM
1057,9/4/2026 12:00:00 AM
1060,8/25/2026 12:00:00 AM
1081,3/17/2026 12:00:00 AM
1081,4/29/2026 12:00:00 AM
1081,6/8/2026 12:00:00 AM
1081,7/20/2026 12:00:00 AM
1081,8/27/2026 12:00:00 AM
1082,3/27/2026 12:00:00 AM
1082,5/12/2026 12:00:00 AM
1082,6/26/2026 12:00:00 AM
1082,8/13/2026 12:00:00 AM
1083,3/27/2026 12:00:00 AM
1083,5/12/2026 12:00:00 AM
1083,6/26/2026 12:00:00 AM
1083,8/13/2026 12:00:00 AM
1087,3/3/2026 12:00:00 AM
1087,4/16/2026 12:00:00 AM
1087,6/1/2026 12:00:00 AM
1087,7/7/2026 12:00:00 AM
1087,8/19/2026 12:00:00 AM
1119,3/27/2026 12:00:00 AM
1119,5/12/2026 12:00:00 AM
1119,6/26/2026 12:00:00 AM
1119,8/13/2026 12:00:00 AM
1121,3/4/2026 12:00:00 AM
1121,4/22/2026 12:00:00 AM
1121,5/29/2026 12:00:00 AM
1121,7/13/2026 12:00:00 AM
1121,8/24/2026 12:00:00 AM
1121,8/3/2026 12:00:00 AM
1123,3/20/2026 12:00:00 AM
1123,3/25/2026 12:00:00 AM
1123,5/7/2026 12:00:00 AM
1123,6/12/2026 12:00:00 AM
1123,7/22/2026 12:00:00 AM
1126,3/12/2026 12:00:00 AM
1126,4/28/2026 12:00:00 AM
1126,6/9/2026 12:00:00 AM
1126,7/17/2026 12:00:00 AM
1126,9/2/2026 12:00:00 AM
1128,3/17/2026 12:00:00 AM
1128,4/29/2026 12:00:00 AM
1128,6/8/2026 12:00:00 AM
1128,7/20/2026 12:00:00 AM
1128,8/27/2026 12:00:00 AM
1130,4/7/2026 12:00:00 AM
1130,5/15/2026 12:00:00 AM
1130,6/23/2026 12:00:00 AM
1130,8/7/2026 12:00:00 AM
1131,3/25/2026 12:00:00 AM
1131,5/7/2026 12:00:00 AM
1131,6/18/2026 12:00:00 AM
1131,8/5/2026 12:00:00 AM
1135,4/24/2026 12:00:00 AM
1135,6/11/2026 12:00:00 AM
1135,7/28/2026 12:00:00 AM
1135,9/9/2026 12:00:00 AM
1137,4/7/2026 12:00:00 AM
1137,5/15/2026 12:00:00 AM
1137,5/28/2026 12:00:00 AM
1137,5/4/2026 12:00:00 AM
1137,6/23/2026 12:00:00 AM
1137,6/4/2026 12:00:00 AM
1137,8/7/2026 12:00:00 AM
1138,3/24/2026 12:00:00 AM
1138,5/7/2026 12:00:00 AM
1138,6/18/2026 12:00:00 AM
1138,8/11/2026 12:00:00 AM
1143,3/27/2026 12:00:00 AM
1143,5/12/2026 12:00:00 AM
1143,6/26/2026 12:00:00 AM
1143,8/13/2026 12:00:00 AM
1148,3/12/2026 12:00:00 AM
1148,4/28/2026 12:00:00 AM
1148,6/9/2026 12:00:00 AM
1148,7/17/2026 12:00:00 AM
1148,9/11/2026 12:00:00 AM
1155,3/13/2026 12:00:00 AM
1155,3/4/2026 12:00:00 AM
1155,4/16/2026 12:00:00 AM
1155,6/1/2026 12:00:00 AM
1155,7/7/2026 12:00:00 AM
1155,8/19/2026 12:00:00 AM
1155,9/2/2026 12:00:00 AM
1168,3/17/2026 12:00:00 AM
1168,4/30/2026 12:00:00 AM
1168,6/9/2026 12:00:00 AM
1168,7/21/2026 12:00:00 AM
1168,9/2/2026 12:00:00 AM
1176,3/23/2026 12:00:00 AM
1176,5/5/2026 12:00:00 AM
1176,6/16/2026 12:00:00 AM
1176,7/28/2026 12:00:00 AM
1176,9/11/2026 12:00:00 AM
1186,3/10/2026 12:00:00 AM
1186,4/20/2026 12:00:00 AM
1186,7/6/2026 12:00:00 AM
1189,3/3/2026 12:00:00 AM
1189,4/16/2026 12:00:00 AM
1189,6/1/2026 12:00:00 AM
1189,7/7/2026 12:00:00 AM
1189,8/19/2026 12:00:00 AM
1256,3/18/2026 12:00:00 AM
1256,4/30/2026 12:00:00 AM
1256,6/11/2026 12:00:00 AM
1256,7/30/2026 12:00:00 AM
1256,8/12/2026 12:00:00 AM
1256,9/10/2026 12:00:00 AM
1271,4/10/2026 12:00:00 AM
1271,5/20/2026 12:00:00 AM
1271,6/30/2026 12:00:00 AM
1271,8/14/2026 12:00:00 AM
1299,4/9/2026 12:00:00 AM
1299,5/20/2026 12:00:00 AM
1299,6/29/2026 12:00:00 AM
1299,8/4/2026 12:00:00 AM
1320,3/6/2026 12:00:00 AM
1320,4/21/2026 12:00:00 AM
1320,6/2/2026 12:00:00 AM
1320,7/8/2026 12:00:00 AM
1320,8/19/2026 12:00:00 AM
1325,3/26/2026 12:00:00 AM
1325,5/11/2026 12:00:00 AM
1325,6/17/2026 12:00:00 AM
1325,8/4/2026 12:00:00 AM
1328,3/10/2026 12:00:00 AM
1328,3/13/2026 12:00:00 AM
1328,4/24/2026 12:00:00 AM
1328,6/4/2026 12:00:00 AM
1328,7/15/2026 12:00:00 AM
1328,8/26/2026 12:00:00 AM
1333,3/23/2026 12:00:00 AM
1333,5/1/2026 12:00:00 AM
1333,6/11/2026 12:00:00 AM
1333,7/22/2026 12:00:00 AM
1333,9/4/2026 12:00:00 AM
1341,4/8/2026 12:00:00 AM
1341,6/5/2026 12:00:00 AM
1341,7/9/2026 12:00:00 AM
1341,8/25/2026 12:00:00 AM
1353,6/5/2026 12:00:00 AM
1353,7/9/2026 12:00:00 AM
1353,8/21/2026 12:00:00 AM
1355,3/12/2026 12:00:00 AM
1355,4/28/2026 12:00:00 AM
1355,6/9/2026 12:00:00 AM
1355,7/17/2026 12:00:00 AM
1355,9/2/2026 12:00:00 AM
1358,8/4/2026 12:00:00 AM
1367,4/13/2026 12:00:00 AM
1367,5/20/2026 12:00:00 AM
1367,6/30/2026 12:00:00 AM
1372,3/6/2026 12:00:00 AM
1372,4/21/2026 12:00:00 AM
1372,6/4/2026 12:00:00 AM
1372,7/14/2026 12:00:00 AM
1372,8/26/2026 12:00:00 AM
1373,3/27/2026 12:00:00 AM
1373,5/12/2026 12:00:00 AM
1373,6/26/2026 12:00:00 AM
1373,8/13/2026 12:00:00 AM
1375,3/18/2026 12:00:00 AM
1375,4/30/2026 12:00:00 AM
1375,6/11/2026 12:00:00 AM
1375,7/30/2026 12:00:00 AM
1375,9/10/2026 12:00:00 AM
1392,4/8/2026 12:00:00 AM
1392,5/22/2026 12:00:00 AM
1392,7/2/2026 12:00:00 AM
1392,8/12/2026 12:00:00 AM
1395,3/26/2026 12:00:00 AM
1395,5/11/2026 12:00:00 AM
1395,6/19/2026 12:00:00 AM
1395,8/4/2026 12:00:00 AM
1408,3/25/2026 12:00:00 AM
1408,5/7/2026 12:00:00 AM
1408,6/18/2026 12:00:00 AM
1408,8/5/2026 12:00:00 AM
1410,3/3/2026 12:00:00 AM
1410,4/16/2026 12:00:00 AM
1410,7/22/2026 12:00:00 AM
1426,4/24/2026 12:00:00 AM
1426,4/8/2026 12:00:00 AM
1426,5/22/2026 12:00:00 AM
1426,7/2/2026 12:00:00 AM
1426,8/12/2026 12:00:00 AM
1446,3/25/2026 12:00:00 AM
1446,4/13/2026 12:00:00 AM
1459,3/6/2026 12:00:00 AM
1459,4/21/2026 12:00:00 AM
1459,6/2/2026 12:00:00 AM
1459,7/14/2026 12:00:00 AM
1459,8/26/2026 12:00:00 AM
1464,3/26/2026 12:00:00 AM
1464,5/11/2026 12:00:00 AM
1464,6/19/2026 12:00:00 AM
1464,8/4/2026 12:00:00 AM
1466,3/4/2026 12:00:00 AM
1466,4/16/2026 12:00:00 AM
1466,6/1/2026 12:00:00 AM
1466,7/7/2026 12:00:00 AM
1466,8/19/2026 12:00:00 AM
1466,9/2/2026 12:00:00 AM
1468,3/23/2026 12:00:00 AM
1468,5/12/2026 12:00:00 AM
1468,5/5/2026 12:00:00 AM
1468,7/10/2026 12:00:00 AM
1468,8/20/2026 12:00:00 AM
1471,3/26/2026 12:00:00 AM
1471,5/11/2026 12:00:00 AM
1471,6/17/2026 12:00:00 AM
1471,8/4/2026 12:00:00 AM
1472,3/10/2026 12:00:00 AM
1472,4/23/2026 12:00:00 AM
1472,5/29/2026 12:00:00 AM
1472,7/6/2026 12:00:00 AM
1472,8/11/2026 12:00:00 AM
1479,3/19/2026 12:00:00 AM
1479,5/5/2026 12:00:00 AM
1480,3/19/2026 12:00:00 AM
1480,5/6/2026 12:00:00 AM
1480,6/16/2026 12:00:00 AM
1480,7/29/2026 12:00:00 AM
1480,9/10/2026 12:00:00 AM
1484,3/26/2026 12:00:00 AM
1484,5/20/2026 12:00:00 AM
1484,7/2/2026 12:00:00 AM
1484,8/4/2026 12:00:00 AM
1488,3/25/2026 12:00:00 AM
1488,5/7/2026 12:00:00 AM
1488,6/18/2026 12:00:00 AM
1492,3/18/2026 12:00:00 AM
1492,4/30/2026 12:00:00 AM
1492,6/11/2026 12:00:00 AM
1492,7/30/2026 12:00:00 AM
1492,9/10/2026 12:00:00 AM
1495,3/17/2026 12:00:00 AM
1495,4/30/2026 12:00:00 AM
1495,5/12/2026 12:00:00 AM
1495,6/9/2026 12:00:00 AM
1495,8/20/2026 12:00:00 AM
1496,3/5/2026 12:00:00 AM
1496,4/24/2026 12:00:00 AM
1496,6/3/2026 12:00:00 AM
1496,7/1/2026 12:00:00 AM
1496,7/15/2026 12:00:00 AM
1496,8/24/2026 12:00:00 AM
1506,3/19/2026 12:00:00 AM
1506,5/5/2026 12:00:00 AM
1506,6/10/2026 12:00:00 AM
1506,7/21/2026 12:00:00 AM
1506,9/4/2026 12:00:00 AM
1520,3/26/2026 12:00:00 AM
1520,5/11/2026 12:00:00 AM
1520,6/19/2026 12:00:00 AM
1527,3/10/2026 12:00:00 AM
1528,4/6/2026 12:00:00 AM
1528,5/14/2026 12:00:00 AM
1528,6/22/2026 12:00:00 AM
1528,8/6/2026 12:00:00 AM
1532,3/24/2026 12:00:00 AM
1532,5/8/2026 12:00:00 AM
1532,6/17/2026 12:00:00 AM
1532,8/3/2026 12:00:00 AM
1533,4/2/2026 12:00:00 AM
1533,5/13/2026 12:00:00 AM
1533,6/30/2026 12:00:00 AM
1533,8/14/2026 12:00:00 AM
1549,3/9/2026 12:00:00 AM
1550,3/9/2026 12:00:00 AM
1551,3/9/2026 12:00:00 AM
1552,3/9/2026 12:00:00 AM
1555,3/3/2026 12:00:00 AM
1555,7/7/2026 12:00:00 AM
1555,8/11/2026 12:00:00 AM
1556,4/7/2026 12:00:00 AM
1556,5/15/2026 12:00:00 AM
1556,6/24/2026 12:00:00 AM
1556,8/7/2026 12:00:00 AM
1567,3/4/2026 12:00:00 AM
1567,4/22/2026 12:00:00 AM
1567,6/15/2026 12:00:00 AM
1567,6/3/2026 12:00:00 AM
1567,7/13/2026 12:00:00 AM
1567,8/24/2026 12:00:00 AM
1569,4/17/2026 12:00:00 AM
1569,4/9/2026 12:00:00 AM
1569,5/18/2026 12:00:00 AM
1569,6/12/2026 12:00:00 AM
1569,7/2/2026 12:00:00 AM
1569,7/28/2026 12:00:00 AM
1569,9/9/2026 12:00:00 AM
1574,3/19/2026 12:00:00 AM
1574,5/5/2026 12:00:00 AM
1574,6/10/2026 12:00:00 AM
1574,7/21/2026 12:00:00 AM
1574,9/4/2026 12:00:00 AM
1577,3/26/2026 12:00:00 AM
1577,5/11/2026 12:00:00 AM
1577,6/17/2026 12:00:00 AM
1578,3/3/2026 12:00:00 AM
1578,4/16/2026 12:00:00 AM
1578,6/1/2026 12:00:00 AM
1578,7/7/2026 12:00:00 AM
1578,8/19/2026 12:00:00 AM
1579,3/12/2026 12:00:00 AM
1579,4/28/2026 12:00:00 AM
1579,6/9/2026 12:00:00 AM
1579,7/21/2026 12:00:00 AM
1579,9/2/2026 12:00:00 AM
1581,4/13/2026 12:00:00 AM
1581,5/20/2026 12:00:00 AM
1581,6/30/2026 12:00:00 AM
1581,8/14/2026 12:00:00 AM
1582,8/14/2026 12:00:00 AM
1583,3/3/2026 12:00:00 AM
1583,4/16/2026 12:00:00 AM
1583,6/1/2026 12:00:00 AM
1583,7/7/2026 12:00:00 AM
1583,8/19/2026 12:00:00 AM
1583,8/27/2026 12:00:00 AM
1585,3/26/2026 12:00:00 AM
1585,5/11/2026 12:00:00 AM
1585,6/17/2026 12:00:00 AM
1585,8/4/2026 12:00:00 AM
1587,3/3/2026 12:00:00 AM
1587,4/16/2026 12:00:00 AM
1587,6/1/2026 12:00:00 AM
1587,7/7/2026 12:00:00 AM
1587,8/19/2026 12:00:00 AM
1588,3/17/2026 12:00:00 AM
1588,4/29/2026 12:00:00 AM
1588,6/8/2026 12:00:00 AM
1588,7/20/2026 12:00:00 AM
1588,8/27/2026 12:00:00 AM
1589,3/9/2026 12:00:00 AM
1589,4/23/2026 12:00:00 AM
1589,7/14/2026 12:00:00 AM
1589,8/25/2026 12:00:00 AM
1590,3/18/2026 12:00:00 AM
1590,6/11/2026 12:00:00 AM
1590,9/10/2026 12:00:00 AM
1591,3/19/2026 12:00:00 AM
1591,5/5/2026 12:00:00 AM
1593,3/24/2026 12:00:00 AM
1594,3/17/2026 12:00:00 AM
1594,4/29/2026 12:00:00 AM
1594,6/8/2026 12:00:00 AM
1594,7/20/2026 12:00:00 AM
1594,8/27/2026 12:00:00 AM
1595,3/19/2026 12:00:00 AM
1595,5/18/2026 12:00:00 AM
1595,7/1/2026 12:00:00 AM
1595,8/13/2026 12:00:00 AM
1597,3/23/2026 12:00:00 AM
1597,5/5/2026 12:00:00 AM
1597,6/10/2026 12:00:00 AM
1597,8/5/2026 12:00:00 AM
1604,3/18/2026 12:00:00 AM
1604,5/6/2026 12:00:00 AM
1604,6/16/2026 12:00:00 AM
1604,7/31/2026 12:00:00 AM
1604,9/3/2026 12:00:00 AM
1618,3/26/2026 12:00:00 AM
1618,5/11/2026 12:00:00 AM
1618,6/19/2026 12:00:00 AM
1620,3/12/2026 12:00:00 AM
1620,4/28/2026 12:00:00 AM
1620,6/9/2026 12:00:00 AM
1620,7/17/2026 12:00:00 AM
1620,8/20/2026 12:00:00 AM
1621,3/23/2026 12:00:00 AM
1621,5/1/2026 12:00:00 AM
1621,5/12/2026 12:00:00 AM
1621,6/11/2026 12:00:00 AM
1621,7/28/2026 12:00:00 AM
1621,9/9/2026 12:00:00 AM
1630,3/17/2026 12:00:00 AM
1630,4/28/2026 12:00:00 AM
1630,6/10/2026 12:00:00 AM
1630,7/17/2026 12:00:00 AM
1630,9/2/2026 12:00:00 AM
1631,3/12/2026 12:00:00 AM
1631,4/28/2026 12:00:00 AM
1631,6/9/2026 12:00:00 AM
1631,7/17/2026 12:00:00 AM
1631,9/2/2026 12:00:00 AM
1646,4/30/2026 12:00:00 AM
1646,6/9/2026 12:00:00 AM
1646,7/21/2026 12:00:00 AM
1646,9/2/2026 12:00:00 AM
1651,3/10/2026 12:00:00 AM
1651,4/20/2026 12:00:00 AM
1651,6/4/2026 12:00:00 AM
1651,7/15/2026 12:00:00 AM
1651,8/26/2026 12:00:00 AM
1661,4/2/2026 12:00:00 AM
1661,5/13/2026 12:00:00 AM
1661,5/20/2026 12:00:00 AM
1661,6/30/2026 12:00:00 AM
1661,8/14/2026 12:00:00 AM
1665,3/19/2026 12:00:00 AM
1665,5/6/2026 12:00:00 AM
1665,8/5/2026 12:00:00 AM
1672,3/23/2026 12:00:00 AM
1672,5/1/2026 12:00:00 AM
1672,6/11/2026 12:00:00 AM
1672,7/22/2026 12:00:00 AM
1672,9/4/2026 12:00:00 AM
1673,3/19/2026 12:00:00 AM
1673,6/26/2026 12:00:00 AM
1673,7/29/2026 12:00:00 AM
1673,9/9/2026 12:00:00 AM
1679,3/19/2026 12:00:00 AM
1679,6/26/2026 12:00:00 AM
1679,7/29/2026 12:00:00 AM
1679,9/9/2026 12:00:00 AM
1681,3/5/2026 12:00:00 AM
1681,4/22/2026 12:00:00 AM
1681,6/3/2026 12:00:00 AM
1681,7/13/2026 12:00:00 AM
1681,8/24/2026 12:00:00 AM
1681,8/27/2026 12:00:00 AM
1682,3/11/2026 12:00:00 AM
1682,4/30/2026 12:00:00 AM
1682,4/9/2026 12:00:00 AM
1682,6/8/2026 12:00:00 AM
1682,7/30/2026 12:00:00 AM
1688,3/17/2026 12:00:00 AM
1688,4/29/2026 12:00:00 AM
1688,6/8/2026 12:00:00 AM
1688,7/20/2026 12:00:00 AM
1688,8/27/2026 12:00:00 AM
1690,3/24/2026 12:00:00 AM
1690,5/7/2026 12:00:00 AM
1690,6/17/2026 12:00:00 AM
1690,8/3/2026 12:00:00 AM
1695,5/28/2026 12:00:00 AM
1697,3/24/2026 12:00:00 AM
1697,5/7/2026 12:00:00 AM
1697,6/17/2026 12:00:00 AM
1697,8/3/2026 12:00:00 AM
1700,3/6/2026 12:00:00 AM
1700,4/21/2026 12:00:00 AM
1700,6/15/2026 12:00:00 AM
1700,7/30/2026 12:00:00 AM
1709,3/12/2026 12:00:00 AM
1709,4/28/2026 12:00:00 AM
1709,6/9/2026 12:00:00 AM
1709,7/17/2026 12:00:00 AM
1709,9/2/2026 12:00:00 AM
1710,3/5/2026 12:00:00 AM
1710,4/22/2026 12:00:00 AM
1710,6/3/2026 12:00:00 AM
1710,7/13/2026 12:00:00 AM
1710,8/24/2026 12:00:00 AM
1716,4/2/2026 12:00:00 AM
1716,5/13/2026 12:00:00 AM
1716,6/30/2026 12:00:00 AM
1716,8/14/2026 12:00:00 AM
1717,3/25/2026 12:00:00 AM
1717,5/7/2026 12:00:00 AM
1717,6/18/2026 12:00:00 AM
1717,8/5/2026 12:00:00 AM
1719,5/12/2026 12:00:00 AM
1719,6/26/2026 12:00:00 AM
1719,8/13/2026 12:00:00 AM
1722,4/2/2026 12:00:00 AM
1722,5/12/2026 12:00:00 AM
1722,5/20/2026 12:00:00 AM
1722,6/30/2026 12:00:00 AM
1722,8/21/2026 12:00:00 AM
1731,3/26/2026 12:00:00 AM
1731,6/17/2026 12:00:00 AM
1731,8/4/2026 12:00:00 AM
1732,4/24/2026 12:00:00 AM
1732,6/11/2026 12:00:00 AM
1732,7/28/2026 12:00:00 AM
1732,9/9/2026 12:00:00 AM
1750,3/4/2026 12:00:00 AM
1750,4/16/2026 12:00:00 AM
1750,6/1/2026 12:00:00 AM
1750,7/13/2026 12:00:00 AM
1750,8/24/2026 12:00:00 AM
1750,8/27/2026 12:00:00 AM
1756,4/8/2026 12:00:00 AM
1756,5/22/2026 12:00:00 AM
1756,7/2/2026 12:00:00 AM
1756,8/3/2026 12:00:00 AM
1774,3/18/2026 12:00:00 AM
1774,5/6/2026 12:00:00 AM
1774,6/16/2026 12:00:00 AM
1774,7/29/2026 12:00:00 AM
1774,9/10/2026 12:00:00 AM
1775,3/25/2026 12:00:00 AM
1775,5/7/2026 12:00:00 AM
1775,6/18/2026 12:00:00 AM
1775,8/5/2026 12:00:00 AM
1778,4/9/2026 12:00:00 AM
1780,3/26/2026 12:00:00 AM
1780,5/11/2026 12:00:00 AM
1780,5/13/2026 12:00:00 AM
1780,6/19/2026 12:00:00 AM
1780,8/4/2026 12:00:00 AM
1782,3/20/2026 12:00:00 AM
1782,3/26/2026 12:00:00 AM
1782,5/11/2026 12:00:00 AM
1782,6/19/2026 12:00:00 AM
1782,8/4/2026 12:00:00 AM
1783,4/9/2026 12:00:00 AM
1783,5/18/2026 12:00:00 AM
1783,6/29/2026 12:00:00 AM
1783,8/5/2026 12:00:00 AM
1784,3/24/2026 12:00:00 AM
1784,5/7/2026 12:00:00 AM
1784,6/17/2026 12:00:00 AM
1784,8/3/2026 12:00:00 AM
1786,8/12/2026 12:00:00 AM
1786,8/28/2026 12:00:00 AM
1793,3/10/2026 12:00:00 AM
1793,4/20/2026 12:00:00 AM
1793,6/4/2026 12:00:00 AM
1793,7/15/2026 12:00:00 AM
1793,8/26/2026 12:00:00 AM
1797,3/19/2026 12:00:00 AM
1797,4/9/2026 12:00:00 AM
1797,5/5/2026 12:00:00 AM
1797,6/10/2026 12:00:00 AM
1797,7/28/2026 12:00:00 AM
1797,9/9/2026 12:00:00 AM
1798,3/18/2026 12:00:00 AM
1798,5/6/2026 12:00:00 AM
1798,6/10/2026 12:00:00 AM
1798,7/28/2026 12:00:00 AM
1800,4/1/2026 12:00:00 AM
1800,4/8/2026 12:00:00 AM
1800,5/22/2026 12:00:00 AM
1800,7/2/2026 12:00:00 AM
1800,8/12/2026 12:00:00 AM
1805,4/9/2026 12:00:00 AM
1807,3/11/2026 12:00:00 AM
1807,4/29/2026 12:00:00 AM
1807,6/8/2026 12:00:00 AM
1807,7/20/2026 12:00:00 AM
1807,8/27/2026 12:00:00 AM
1809,3/10/2026 12:00:00 AM
1809,4/20/2026 12:00:00 AM
1809,6/4/2026 12:00:00 AM
1809,7/15/2026 12:00:00 AM
1809,8/26/2026 12:00:00 AM
1812,4/30/2026 12:00:00 AM
1812,6/11/2026 12:00:00 AM
1812,7/28/2026 12:00:00 AM
1812,9/9/2026 12:00:00 AM
1815,3/18/2026 12:00:00 AM
1815,4/30/2026 12:00:00 AM
1815,6/11/2026 12:00:00 AM
1815,7/30/2026 12:00:00 AM
1820,4/8/2026 12:00:00 AM
1820,5/22/2026 12:00:00 AM
1826,3/11/2026 12:00:00 AM
1826,4/21/2026 12:00:00 AM
1826,6/2/2026 12:00:00 AM
1826,7/14/2026 12:00:00 AM
1826,7/16/2026 12:00:00 AM
1826,8/26/2026 12:00:00 AM
1830,3/6/2026 12:00:00 AM
1830,4/17/2026 12:00:00 AM
1830,4/21/2026 12:00:00 AM
1830,6/2/2026 12:00:00 AM
1830,7/8/2026 12:00:00 AM
1830,8/26/2026 12:00:00 AM
1830,8/27/2026 12:00:00 AM
1832,3/24/2026 12:00:00 AM
1832,5/8/2026 12:00:00 AM
1832,6/17/2026 12:00:00 AM
1832,8/3/2026 12:00:00 AM
1834,4/2/2026 12:00:00 AM
1834,5/13/2026 12:00:00 AM
1834,6/30/2026 12:00:00 AM
1834,8/14/2026 12:00:00 AM
1835,3/23/2026 12:00:00 AM
1835,5/1/2026 12:00:00 AM
1835,6/11/2026 12:00:00 AM
1835,7/22/2026 12:00:00 AM
1835,8/28/2026 12:00:00 AM
1839,3/10/2026 12:00:00 AM
1839,4/20/2026 12:00:00 AM
1839,6/4/2026 12:00:00 AM
1839,7/15/2026 12:00:00 AM
1839,8/26/2026 12:00:00 AM
1841,3/11/2026 12:00:00 AM
1841,4/30/2026 12:00:00 AM
1841,6/8/2026 12:00:00 AM
1841,7/30/2026 12:00:00 AM
1843,3/6/2026 12:00:00 AM
1843,4/21/2026 12:00:00 AM
1843,6/2/2026 12:00:00 AM
1843,7/8/2026 12:00:00 AM
1843,8/18/2026 12:00:00 AM
1844,3/23/2026 12:00:00 AM
1844,5/5/2026 12:00:00 AM
1844,6/16/2026 12:00:00 AM
1844,7/29/2026 12:00:00 AM
1851,3/11/2026 12:00:00 AM
1851,4/30/2026 12:00:00 AM
1855,3/17/2026 12:00:00 AM
1855,5/22/2026 12:00:00 AM
1855,5/8/2026 12:00:00 AM
1855,7/1/2026 12:00:00 AM
1855,7/17/2026 12:00:00 AM
1855,7/30/2026 12:00:00 AM
1855,8/20/2026 12:00:00 AM
1859,3/5/2026 12:00:00 AM
1859,4/22/2026 12:00:00 AM
1859,6/3/2026 12:00:00 AM
1859,7/13/2026 12:00:00 AM
1859,8/24/2026 12:00:00 AM
1860,3/10/2026 12:00:00 AM
1860,4/20/2026 12:00:00 AM
1860,5/29/2026 12:00:00 AM
1860,7/6/2026 12:00:00 AM
1860,8/19/2026 12:00:00 AM
1862,3/6/2026 12:00:00 AM
1862,4/21/2026 12:00:00 AM
1862,6/2/2026 12:00:00 AM
1862,7/14/2026 12:00:00 AM
1862,8/26/2026 12:00:00 AM
1862,8/27/2026 12:00:00 AM
1862,8/3/2026 12:00:00 AM
1867,4/2/2026 12:00:00 AM
1867,6/5/2026 12:00:00 AM
1867,7/9/2026 12:00:00 AM
1867,8/21/2026 12:00:00 AM
1870,3/24/2026 12:00:00 AM
1870,5/8/2026 12:00:00 AM
1870,6/17/2026 12:00:00 AM
1870,8/3/2026 12:00:00 AM
1877,3/17/2026 12:00:00 AM
1877,3/20/2026 12:00:00 AM
1877,4/28/2026 12:00:00 AM
1877,6/10/2026 12:00:00 AM
1877,7/20/2026 12:00:00 AM
1877,9/4/2026 12:00:00 AM
1878,3/26/2026 12:00:00 AM
1878,5/8/2026 12:00:00 AM
1878,6/19/2026 12:00:00 AM
1878,8/4/2026 12:00:00 AM
1880,4/7/2026 12:00:00 AM
1880,5/15/2026 12:00:00 AM
1880,8/6/2026 12:00:00 AM
1881,3/3/2026 12:00:00 AM
1881,4/16/2026 12:00:00 AM
1881,6/1/2026 12:00:00 AM
1881,7/7/2026 12:00:00 AM
1881,9/8/2026 12:00:00 AM
1883,3/17/2026 12:00:00 AM
1883,4/28/2026 12:00:00 AM
1883,4/9/2026 12:00:00 AM
1883,6/10/2026 12:00:00 AM
1883,7/21/2026 12:00:00 AM
1883,9/2/2026 12:00:00 AM
1887,3/13/2026 12:00:00 AM
1890,3/10/2026 12:00:00 AM
1890,4/20/2026 12:00:00 AM
1890,5/29/2026 12:00:00 AM
1911,4/7/2026 12:00:00 AM
1911,5/14/2026 12:00:00 AM
1916,3/17/2026 12:00:00 AM
1916,4/29/2026 12:00:00 AM
1916,5/12/2026 12:00:00 AM
1916,6/8/2026 12:00:00 AM
1916,7/17/2026 12:00:00 AM
1916,8/27/2026 12:00:00 AM
1917,3/11/2026 12:00:00 AM
1917,4/29/2026 12:00:00 AM
1917,6/8/2026 12:00:00 AM
1917,7/20/2026 12:00:00 AM
1917,9/4/2026 12:00:00 AM
1923,3/10/2026 12:00:00 AM
1923,4/20/2026 12:00:00 AM
1923,7/15/2026 12:00:00 AM
1923,8/26/2026 12:00:00 AM
1923,8/27/2026 12:00:00 AM
1926,4/8/2026 12:00:00 AM
1926,5/22/2026 12:00:00 AM
1926,7/2/2026 12:00:00 AM
1926,8/3/2026 12:00:00 AM
1930,4/7/2026 12:00:00 AM
1930,5/15/2026 12:00:00 AM
1930,6/23/2026 12:00:00 AM
1930,8/7/2026 12:00:00 AM
1932,4/8/2026 12:00:00 AM
1932,5/22/2026 12:00:00 AM
1932,7/2/2026 12:00:00 AM
1932,8/12/2026 12:00:00 AM
1936,3/26/2026 12:00:00 AM
1936,5/11/2026 12:00:00 AM
1936,6/29/2026 12:00:00 AM
1938,4/7/2026 12:00:00 AM
1938,5/14/2026 12:00:00 AM
1938,6/23/2026 12:00:00 AM
1938,8/7/2026 12:00:00 AM
1939,3/6/2026 12:00:00 AM
1939,4/21/2026 12:00:00 AM
1939,6/2/2026 12:00:00 AM
1939,7/8/2026 12:00:00 AM
1939,8/18/2026 12:00:00 AM
1942,3/10/2026 12:00:00 AM
1942,5/4/2026 12:00:00 AM
1942,6/15/2026 12:00:00 AM
1942,7/22/2026 12:00:00 AM
1942,9/8/2026 12:00:00 AM
1948,3/11/2026 12:00:00 AM
1948,4/20/2026 12:00:00 AM
1948,5/29/2026 12:00:00 AM
1948,7/6/2026 12:00:00 AM
1948,8/19/2026 12:00:00 AM
1951,3/19/2026 12:00:00 AM
1951,5/5/2026 12:00:00 AM
1951,6/16/2026 12:00:00 AM
1951,7/28/2026 12:00:00 AM
1951,9/10/2026 12:00:00 AM
1953,3/25/2026 12:00:00 AM
1953,5/7/2026 12:00:00 AM
1953,6/18/2026 12:00:00 AM
1953,8/5/2026 12:00:00 AM
1959,3/17/2026 12:00:00 AM
1959,4/29/2026 12:00:00 AM
1959,6/8/2026 12:00:00 AM
1959,7/20/2026 12:00:00 AM
1959,8/27/2026 12:00:00 AM
1962,3/23/2026 12:00:00 AM
1962,5/1/2026 12:00:00 AM
1962,6/11/2026 12:00:00 AM
1962,7/28/2026 12:00:00 AM
1962,9/9/2026 12:00:00 AM
1963,4/15/2026 12:00:00 AM
1963,5/28/2026 12:00:00 AM
1964,4/6/2026 12:00:00 AM
1964,5/14/2026 12:00:00 AM
1964,6/22/2026 12:00:00 AM
1964,7/16/2026 12:00:00 AM
1964,8/18/2026 12:00:00 AM
1964,8/6/2026 12:00:00 AM
1968,4/14/2026 12:00:00 AM
1968,5/26/2026 12:00:00 AM
1968,8/31/2026 12:00:00 AM
1969,4/7/2026 12:00:00 AM
1969,5/15/2026 12:00:00 AM
1969,6/23/2026 12:00:00 AM
1969,8/7/2026 12:00:00 AM
1969,9/10/2026 12:00:00 AM
1970,3/6/2026 12:00:00 AM
1970,4/21/2026 12:00:00 AM
1970,6/15/2026 12:00:00 AM
1970,7/22/2026 12:00:00 AM
1970,8/27/2026 12:00:00 AM
1970,9/8/2026 12:00:00 AM
1979,4/8/2026 12:00:00 AM
1979,5/21/2026 12:00:00 AM
1979,7/2/2026 12:00:00 AM
1979,8/12/2026 12:00:00 AM
1981,3/6/2026 12:00:00 AM
1981,4/21/2026 12:00:00 AM
1981,6/2/2026 12:00:00 AM
1981,7/8/2026 12:00:00 AM
1981,8/18/2026 12:00:00 AM
1984,4/14/2026 12:00:00 AM
1984,5/26/2026 12:00:00 AM
1984,8/31/2026 12:00:00 AM
1986,3/11/2026 12:00:00 AM
1986,4/29/2026 12:00:00 AM
1986,6/8/2026 12:00:00 AM
1986,7/20/2026 12:00:00 AM
1986,8/27/2026 12:00:00 AM
1992,4/13/2026 12:00:00 AM
1992,5/20/2026 12:00:00 AM
1992,6/30/2026 12:00:00 AM
1992,8/14/2026 12:00:00 AM
1993,3/23/2026 12:00:00 AM
1993,5/5/2026 12:00:00 AM
1993,6/16/2026 12:00:00 AM
1993,7/29/2026 12:00:00 AM
1993,9/10/2026 12:00:00 AM
1995,3/25/2026 12:00:00 AM
1995,5/7/2026 12:00:00 AM
1995,6/18/2026 12:00:00 AM
1995,8/5/2026 12:00:00 AM
2000,3/3/2026 12:00:00 AM
2000,4/16/2026 12:00:00 AM
2000,6/1/2026 12:00:00 AM
2000,7/7/2026 12:00:00 AM
2000,8/19/2026 12:00:00 AM
2001,5/1/2026 12:00:00 AM
2001,6/5/2026 12:00:00 AM
2001,7/9/2026 12:00:00 AM
2001,8/21/2026 12:00:00 AM
2011,3/11/2026 12:00:00 AM
2011,3/20/2026 12:00:00 AM
2011,4/30/2026 12:00:00 AM
2011,6/8/2026 12:00:00 AM
2011,7/21/2026 12:00:00 AM
2011,9/2/2026 12:00:00 AM
2015,3/13/2026 12:00:00 AM
2019,3/17/2026 12:00:00 AM
2019,4/28/2026 12:00:00 AM
2019,6/9/2026 12:00:00 AM
2019,7/20/2026 12:00:00 AM
2019,9/11/2026 12:00:00 AM
2019,9/4/2026 12:00:00 AM
2021,4/7/2026 12:00:00 AM
2021,5/18/2026 12:00:00 AM
2021,7/1/2026 12:00:00 AM
2021,8/11/2026 12:00:00 AM
2022,3/4/2026 12:00:00 AM
2022,4/22/2026 12:00:00 AM
2022,6/3/2026 12:00:00 AM
2022,7/13/2026 12:00:00 AM
2022,8/24/2026 12:00:00 AM
2023,4/8/2026 12:00:00 AM
2023,5/22/2026 12:00:00 AM
2023,7/2/2026 12:00:00 AM
2023,8/12/2026 12:00:00 AM
2024,3/10/2026 12:00:00 AM
2024,4/20/2026 12:00:00 AM
2024,6/15/2026 12:00:00 AM
2024,7/22/2026 12:00:00 AM
2025,3/10/2026 12:00:00 AM
2025,4/20/2026 12:00:00 AM
2025,5/29/2026 12:00:00 AM
2025,7/6/2026 12:00:00 AM
2025,8/19/2026 12:00:00 AM
2026,3/23/2026 12:00:00 AM
2026,4/13/2026 12:00:00 AM
2026,5/1/2026 12:00:00 AM
2026,6/11/2026 12:00:00 AM
2026,7/28/2026 12:00:00 AM
2026,9/9/2026 12:00:00 AM
2027,3/27/2026 12:00:00 AM
2027,5/12/2026 12:00:00 AM
2034,5/27/2026 12:00:00 AM
2034,7/31/2026 12:00:00 AM
2043,3/12/2026 12:00:00 AM
2043,4/28/2026 12:00:00 AM
2043,6/15/2026 12:00:00 AM
2043,8/20/2026 12:00:00 AM
2044,4/8/2026 12:00:00 AM
2044,5/22/2026 12:00:00 AM
2044,7/2/2026 12:00:00 AM
2044,8/12/2026 12:00:00 AM
2045,4/13/2026 12:00:00 AM
2045,5/18/2026 12:00:00 AM
2045,6/25/2026 12:00:00 AM
2045,7/30/2026 12:00:00 AM
2052,3/4/2026 12:00:00 AM
2052,4/22/2026 12:00:00 AM
2052,6/3/2026 12:00:00 AM
2052,7/13/2026 12:00:00 AM
2052,8/24/2026 12:00:00 AM
2052,8/3/2026 12:00:00 AM
2053,3/17/2026 12:00:00 AM
2053,4/29/2026 12:00:00 AM
2054,3/23/2026 12:00:00 AM
2054,5/1/2026 12:00:00 AM
2054,6/11/2026 12:00:00 AM
2054,7/28/2026 12:00:00 AM
2054,9/9/2026 12:00:00 AM
2058,3/17/2026 12:00:00 AM
2058,4/29/2026 12:00:00 AM
2058,6/8/2026 12:00:00 AM
2058,7/20/2026 12:00:00 AM
2058,8/27/2026 12:00:00 AM
2064,4/7/2026 12:00:00 AM
2064,5/15/2026 12:00:00 AM
2064,6/23/2026 12:00:00 AM
2064,8/7/2026 12:00:00 AM
2066,3/24/2026 12:00:00 AM
2066,5/7/2026 12:00:00 AM
2066,6/17/2026 12:00:00 AM
2066,8/3/2026 12:00:00 AM
2066,9/11/2026 12:00:00 AM
2073,4/20/2026 12:00:00 AM
2077,3/11/2026 12:00:00 AM
2077,4/20/2026 12:00:00 AM
2077,5/29/2026 12:00:00 AM
2077,7/30/2026 12:00:00 AM
2081,3/25/2026 12:00:00 AM
2081,4/13/2026 12:00:00 AM
2081,5/7/2026 12:00:00 AM
2081,6/18/2026 12:00:00 AM
2081,8/5/2026 12:00:00 AM
2082,3/11/2026 12:00:00 AM
2082,4/30/2026 12:00:00 AM
2082,6/8/2026 12:00:00 AM
2082,7/21/2026 12:00:00 AM
2082,9/2/2026 12:00:00 AM
2086,3/6/2026 12:00:00 AM
2086,4/21/2026 12:00:00 AM
2086,4/8/2026 12:00:00 AM
2086,6/2/2026 12:00:00 AM
2086,7/22/2026 12:00:00 AM
2086,7/8/2026 12:00:00 AM
2086,8/11/2026 12:00:00 AM
2086,8/18/2026 12:00:00 AM
2098,3/12/2026 12:00:00 AM
2098,4/28/2026 12:00:00 AM
2098,6/9/2026 12:00:00 AM
2098,7/17/2026 12:00:00 AM
2098,9/2/2026 12:00:00 AM
2099,3/12/2026 12:00:00 AM
2099,4/28/2026 12:00:00 AM
2099,6/9/2026 12:00:00 AM
2099,7/17/2026 12:00:00 AM
2099,9/2/2026 12:00:00 AM
2100,8/11/2026 12:00:00 AM
2101,4/13/2026 12:00:00 AM
2101,5/20/2026 12:00:00 AM
2106,5/1/2026 12:00:00 AM
2106,6/5/2026 12:00:00 AM
2106,7/9/2026 12:00:00 AM
2106,8/21/2026 12:00:00 AM
2115,3/24/2026 12:00:00 AM
2115,5/8/2026 12:00:00 AM
2115,6/17/2026 12:00:00 AM
2115,8/3/2026 12:00:00 AM
2124,4/7/2026 12:00:00 AM
2124,5/15/2026 12:00:00 AM
2124,6/23/2026 12:00:00 AM
2124,8/7/2026 12:00:00 AM
2126,3/12/2026 12:00:00 AM
2126,4/28/2026 12:00:00 AM
2126,6/9/2026 12:00:00 AM
2126,7/17/2026 12:00:00 AM
2129,3/10/2026 12:00:00 AM
2129,4/23/2026 12:00:00 AM
2129,6/4/2026 12:00:00 AM
2129,7/15/2026 12:00:00 AM
2129,8/26/2026 12:00:00 AM
2129,9/8/2026 12:00:00 AM
2135,4/13/2026 12:00:00 AM
2135,5/20/2026 12:00:00 AM
2135,6/30/2026 12:00:00 AM
2135,8/14/2026 12:00:00 AM
2136,3/23/2026 12:00:00 AM
2137,3/23/2026 12:00:00 AM
2137,5/1/2026 12:00:00 AM
2137,6/11/2026 12:00:00 AM
2137,7/28/2026 12:00:00 AM
2137,9/9/2026 12:00:00 AM
2138,3/19/2026 12:00:00 AM
2138,5/6/2026 12:00:00 AM
2138,6/10/2026 12:00:00 AM
2138,7/29/2026 12:00:00 AM
2138,9/10/2026 12:00:00 AM
2142,3/5/2026 12:00:00 AM
2142,5/4/2026 12:00:00 AM
2142,6/15/2026 12:00:00 AM
2142,7/22/2026 12:00:00 AM
2142,9/8/2026 12:00:00 AM
2147,4/8/2026 12:00:00 AM
2147,6/5/2026 12:00:00 AM
2147,7/9/2026 12:00:00 AM
2147,8/25/2026 12:00:00 AM
2154,5/28/2026 12:00:00 AM
2156,3/17/2026 12:00:00 AM
2156,4/28/2026 12:00:00 AM
2156,6/9/2026 12:00:00 AM
2156,7/17/2026 12:00:00 AM
2158,5/27/2026 12:00:00 AM
2158,7/31/2026 12:00:00 AM
2159,3/4/2026 12:00:00 AM
2159,4/22/2026 12:00:00 AM
2159,5/29/2026 12:00:00 AM
2161,3/17/2026 12:00:00 AM
2161,4/28/2026 12:00:00 AM
2161,6/10/2026 12:00:00 AM
2161,7/20/2026 12:00:00 AM
2161,9/4/2026 12:00:00 AM
2165,3/17/2026 12:00:00 AM
2165,4/29/2026 12:00:00 AM
2166,5/4/2026 12:00:00 AM
2166,6/22/2026 12:00:00 AM
2166,8/6/2026 12:00:00 AM
2167,3/11/2026 12:00:00 AM
2167,4/30/2026 12:00:00 AM
2167,6/8/2026 12:00:00 AM
2167,7/21/2026 12:00:00 AM
2167,9/2/2026 12:00:00 AM
2170,3/10/2026 12:00:00 AM
2170,4/23/2026 12:00:00 AM
2170,5/29/2026 12:00:00 AM
2174,3/23/2026 12:00:00 AM
2174,5/1/2026 12:00:00 AM
2174,6/11/2026 12:00:00 AM
2174,7/28/2026 12:00:00 AM
2174,9/9/2026 12:00:00 AM
2176,3/4/2026 12:00:00 AM
2176,4/22/2026 12:00:00 AM
2176,6/3/2026 12:00:00 AM
2176,7/13/2026 12:00:00 AM
2176,8/24/2026 12:00:00 AM
2181,3/4/2026 12:00:00 AM
2181,4/22/2026 12:00:00 AM
2181,5/29/2026 12:00:00 AM
2181,5/6/2026 12:00:00 AM
2187,3/3/2026 12:00:00 AM
2190,3/10/2026 12:00:00 AM
2190,4/20/2026 12:00:00 AM
2190,6/4/2026 12:00:00 AM
2190,7/15/2026 12:00:00 AM
2190,8/26/2026 12:00:00 AM
2197,3/23/2026 12:00:00 AM
2197,5/1/2026 12:00:00 AM
2197,6/29/2026 12:00:00 AM
2197,8/5/2026 12:00:00 AM
2199,3/26/2026 12:00:00 AM
2199,5/20/2026 12:00:00 AM
2199,6/29/2026 12:00:00 AM
2199,8/4/2026 12:00:00 AM
2201,3/26/2026 12:00:00 AM
2201,5/11/2026 12:00:00 AM
2201,6/19/2026 12:00:00 AM
2201,8/4/2026 12:00:00 AM
2206,3/26/2026 12:00:00 AM
2206,5/11/2026 12:00:00 AM
2206,6/19/2026 12:00:00 AM
2206,8/4/2026 12:00:00 AM
2207,3/17/2026 12:00:00 AM
2207,4/29/2026 12:00:00 AM
2207,6/8/2026 12:00:00 AM
2207,7/20/2026 12:00:00 AM
2207,8/27/2026 12:00:00 AM
2208,4/6/2026 12:00:00 AM
2208,5/14/2026 12:00:00 AM
2208,6/23/2026 12:00:00 AM
2208,8/6/2026 12:00:00 AM
2211,3/17/2026 12:00:00 AM
2211,4/29/2026 12:00:00 AM
2211,6/8/2026 12:00:00 AM
2211,7/20/2026 12:00:00 AM
2211,8/27/2026 12:00:00 AM
2212,3/10/2026 12:00:00 AM
2212,4/23/2026 12:00:00 AM
2213,3/30/2026 12:00:00 AM
2213,5/21/2026 12:00:00 AM
2213,7/23/2026 12:00:00 AM
2213,9/3/2026 12:00:00 AM
2215,5/19/2026 12:00:00 AM
2215,7/27/2026 12:00:00 AM
2216,3/4/2026 12:00:00 AM
2216,4/22/2026 12:00:00 AM
2216,4/9/2026 12:00:00 AM
2217,3/23/2026 12:00:00 AM
2217,4/22/2026 12:00:00 AM
2217,5/29/2026 12:00:00 AM
2217,7/13/2026 12:00:00 AM
2217,8/24/2026 12:00:00 AM
2219,3/6/2026 12:00:00 AM
2219,4/21/2026 12:00:00 AM
2219,6/2/2026 12:00:00 AM
2219,7/14/2026 12:00:00 AM
2219,8/18/2026 12:00:00 AM
2219,9/8/2026 12:00:00 AM
2221,3/26/2026 12:00:00 AM
2221,5/20/2026 12:00:00 AM
2221,6/29/2026 12:00:00 AM
2221,8/4/2026 12:00:00 AM
2222,6/9/2026 12:00:00 AM
2222,7/21/2026 12:00:00 AM
2222,9/2/2026 12:00:00 AM
2224,3/11/2026 12:00:00 AM
2224,4/29/2026 12:00:00 AM
2225,4/6/2026 12:00:00 AM
2225,5/14/2026 12:00:00 AM
2225,6/22/2026 12:00:00 AM
2226,3/6/2026 12:00:00 AM
2226,4/20/2026 12:00:00 AM
2226,6/2/2026 12:00:00 AM
2226,8/3/2026 12:00:00 AM
2228,3/9/2026 12:00:00 AM
2228,4/23/2026 12:00:00 AM
2228,6/4/2026 12:00:00 AM
2228,7/15/2026 12:00:00 AM
2228,8/26/2026 12:00:00 AM
2229,3/12/2026 12:00:00 AM
2229,4/28/2026 12:00:00 AM
2229,6/9/2026 12:00:00 AM
2229,7/17/2026 12:00:00 AM
2229,9/2/2026 12:00:00 AM
2230,3/19/2026 12:00:00 AM
2230,5/5/2026 12:00:00 AM
2230,6/10/2026 12:00:00 AM
2230,7/28/2026 12:00:00 AM
2230,8/28/2026 12:00:00 AM
2234,3/19/2026 12:00:00 AM
2234,5/5/2026 12:00:00 AM
2234,6/16/2026 12:00:00 AM
2234,7/28/2026 12:00:00 AM
2234,9/9/2026 12:00:00 AM
2235,4/6/2026 12:00:00 AM
2235,5/14/2026 12:00:00 AM
2235,6/22/2026 12:00:00 AM
2235,8/18/2026 12:00:00 AM
2235,8/6/2026 12:00:00 AM
2243,3/3/2026 12:00:00 AM
2243,4/16/2026 12:00:00 AM
2243,6/1/2026 12:00:00 AM
2245,4/13/2026 12:00:00 AM
2245,4/8/2026 12:00:00 AM
2245,5/22/2026 12:00:00 AM
2245,7/2/2026 12:00:00 AM
2245,8/12/2026 12:00:00 AM
2247,3/25/2026 12:00:00 AM
2247,5/11/2026 12:00:00 AM
2247,6/19/2026 12:00:00 AM
2247,8/4/2026 12:00:00 AM
2248,4/7/2026 12:00:00 AM
2248,5/14/2026 12:00:00 AM
2248,6/23/2026 12:00:00 AM
2248,8/7/2026 12:00:00 AM
2253,6/2/2026 12:00:00 AM
2253,7/14/2026 12:00:00 AM
2253,8/26/2026 12:00:00 AM
2264,3/6/2026 12:00:00 AM
2264,4/21/2026 12:00:00 AM
2264,6/2/2026 12:00:00 AM
2264,7/14/2026 12:00:00 AM
2264,8/26/2026 12:00:00 AM
2265,3/19/2026 12:00:00 AM
2265,5/5/2026 12:00:00 AM
2265,6/12/2026 12:00:00 AM
2265,7/10/2026 12:00:00 AM
2265,9/9/2026 12:00:00 AM
2268,4/8/2026 12:00:00 AM
2268,5/22/2026 12:00:00 AM
2268,7/2/2026 12:00:00 AM
2268,8/12/2026 12:00:00 AM
2270,3/5/2026 12:00:00 AM
2271,4/13/2026 12:00:00 AM
2271,5/20/2026 12:00:00 AM
2271,6/30/2026 12:00:00 AM
2271,8/14/2026 12:00:00 AM
2272,3/25/2026 12:00:00 AM
2272,5/7/2026 12:00:00 AM
2272,6/18/2026 12:00:00 AM
2272,8/5/2026 12:00:00 AM
2273,3/24/2026 12:00:00 AM
2273,5/8/2026 12:00:00 AM
2273,6/17/2026 12:00:00 AM
2283,5/18/2026 12:00:00 AM
2283,6/29/2026 12:00:00 AM
2283,8/5/2026 12:00:00 AM
2285,3/11/2026 12:00:00 AM
2285,4/29/2026 12:00:00 AM
2285,6/8/2026 12:00:00 AM
2285,7/20/2026 12:00:00 AM
2285,8/27/2026 12:00:00 AM
2288,3/9/2026 12:00:00 AM
2288,4/23/2026 12:00:00 AM
2288,5/13/2026 12:00:00 AM
2288,6/24/2026 12:00:00 AM
2288,6/3/2026 12:00:00 AM
2288,7/14/2026 12:00:00 AM
2288,7/15/2026 12:00:00 AM
2288,8/25/2026 12:00:00 AM
2288,8/3/2026 12:00:00 AM
2290,4/7/2026 12:00:00 AM
2290,5/15/2026 12:00:00 AM
2290,6/24/2026 12:00:00 AM
2290,8/7/2026 12:00:00 AM
2296,3/3/2026 12:00:00 AM
2296,4/16/2026 12:00:00 AM
2296,6/1/2026 12:00:00 AM
2296,7/7/2026 12:00:00 AM
2296,8/19/2026 12:00:00 AM
2297,3/6/2026 12:00:00 AM
2297,4/21/2026 12:00:00 AM
2297,6/2/2026 12:00:00 AM
2297,7/8/2026 12:00:00 AM
2297,8/18/2026 12:00:00 AM
2298,3/12/2026 12:00:00 AM
2298,4/28/2026 12:00:00 AM
2298,6/9/2026 12:00:00 AM
2298,7/17/2026 12:00:00 AM
2298,9/2/2026 12:00:00 AM
2302,3/9/2026 12:00:00 AM
2302,4/23/2026 12:00:00 AM
2302,6/2/2026 12:00:00 AM
2302,7/14/2026 12:00:00 AM
2302,8/26/2026 12:00:00 AM
2304,3/9/2026 12:00:00 AM
2304,4/22/2026 12:00:00 AM
2304,6/1/2026 12:00:00 AM
2304,7/13/2026 12:00:00 AM
2304,8/24/2026 12:00:00 AM
2306,4/6/2026 12:00:00 AM
2306,5/14/2026 12:00:00 AM
2306,6/22/2026 12:00:00 AM
2306,8/6/2026 12:00:00 AM
2317,3/4/2026 12:00:00 AM
2317,4/22/2026 12:00:00 AM
2317,6/3/2026 12:00:00 AM
2317,7/13/2026 12:00:00 AM
2317,8/24/2026 12:00:00 AM
2318,3/17/2026 12:00:00 AM
2318,4/29/2026 12:00:00 AM
2318,6/8/2026 12:00:00 AM
2318,7/20/2026 12:00:00 AM
2318,8/27/2026 12:00:00 AM
2319,3/4/2026 12:00:00 AM
2319,4/22/2026 12:00:00 AM
2319,5/13/2026 12:00:00 AM
2319,6/3/2026 12:00:00 AM
2324,3/24/2026 12:00:00 AM
2324,5/8/2026 12:00:00 AM
2324,6/17/2026 12:00:00 AM
2324,8/3/2026 12:00:00 AM
2326,3/5/2026 12:00:00 AM
2326,4/22/2026 12:00:00 AM
2326,6/3/2026 12:00:00 AM
2326,7/13/2026 12:00:00 AM
2326,8/24/2026 12:00:00 AM
2327,3/3/2026 12:00:00 AM
2327,4/16/2026 12:00:00 AM
2327,5/13/2026 12:00:00 AM
2327,6/1/2026 12:00:00 AM
2327,7/7/2026 12:00:00 AM
2327,8/19/2026 12:00:00 AM
2332,3/24/2026 12:00:00 AM
2332,5/7/2026 12:00:00 AM
2332,6/17/2026 12:00:00 AM
2332,8/3/2026 12:00:00 AM
2333,4/2/2026 12:00:00 AM
2333,5/13/2026 12:00:00 AM
2333,6/30/2026 12:00:00 AM
2333,8/14/2026 12:00:00 AM
2342,3/4/2026 12:00:00 AM
2342,4/23/2026 12:00:00 AM
2342,5/13/2026 12:00:00 AM
2342,6/15/2026 12:00:00 AM
2342,6/3/2026 12:00:00 AM
2342,7/14/2026 12:00:00 AM
2342,8/25/2026 12:00:00 AM
2343,3/26/2026 12:00:00 AM
2343,5/11/2026 12:00:00 AM
2343,6/29/2026 12:00:00 AM
2343,8/4/2026 12:00:00 AM
2347,3/12/2026 12:00:00 AM
2347,3/16/2026 12:00:00 AM
2347,4/28/2026 12:00:00 AM
2347,6/9/2026 12:00:00 AM
2347,7/17/2026 12:00:00 AM
2347,9/2/2026 12:00:00 AM
2350,3/11/2026 12:00:00 AM
2350,4/29/2026 12:00:00 AM
2350,6/8/2026 12:00:00 AM
2350,7/20/2026 12:00:00 AM
2350,8/27/2026 12:00:00 AM
2352,8/27/2026 12:00:00 AM
2354,3/3/2026 12:00:00 AM
2354,4/22/2026 12:00:00 AM
2354,6/1/2026 12:00:00 AM
2355,3/5/2026 12:00:00 AM
2355,4/22/2026 12:00:00 AM
2355,6/3/2026 12:00:00 AM
2355,7/16/2026 12:00:00 AM
2355,8/24/2026 12:00:00 AM
2356,4/6/2026 12:00:00 AM
2356,5/14/2026 12:00:00 AM
2356,6/22/2026 12:00:00 AM
2356,8/6/2026 12:00:00 AM
2357,4/7/2026 12:00:00 AM
2357,5/15/2026 12:00:00 AM
2357,6/23/2026 12:00:00 AM
2357,8/18/2026 12:00:00 AM
2357,9/10/2026 12:00:00 AM
2359,3/23/2026 12:00:00 AM
2359,3/4/2026 12:00:00 AM
2359,4/22/2026 12:00:00 AM
2359,5/29/2026 12:00:00 AM
2359,6/3/2026 12:00:00 AM
2359,7/13/2026 12:00:00 AM
2359,8/24/2026 12:00:00 AM
2359,9/8/2026 12:00:00 AM
2360,3/18/2026 12:00:00 AM
2360,5/6/2026 12:00:00 AM
2360,7/6/2026 12:00:00 AM
2365,3/27/2026 12:00:00 AM
2365,5/12/2026 12:00:00 AM
2365,6/26/2026 12:00:00 AM
2365,8/13/2026 12:00:00 AM
2369,3/3/2026 12:00:00 AM
2369,4/16/2026 12:00:00 AM
2369,6/1/2026 12:00:00 AM
2369,7/7/2026 12:00:00 AM
2369,8/19/2026 12:00:00 AM
2370,3/24/2026 12:00:00 AM
2370,5/7/2026 12:00:00 AM
2370,6/17/2026 12:00:00 AM
2370,8/3/2026 12:00:00 AM
2373,3/25/2026 12:00:00 AM
2373,5/8/2026 12:00:00 AM
2373,6/10/2026 12:00:00 AM
2373,7/28/2026 12:00:00 AM
2374,3/3/2026 12:00:00 AM
2374,4/16/2026 12:00:00 AM
2374,6/1/2026 12:00:00 AM
2374,7/7/2026 12:00:00 AM
2374,8/19/2026 12:00:00 AM
2375,3/3/2026 12:00:00 AM
2375,4/16/2026 12:00:00 AM
2375,6/1/2026 12:00:00 AM
2375,7/7/2026 12:00:00 AM
2375,8/19/2026 12:00:00 AM
2378,4/6/2026 12:00:00 AM
2378,5/14/2026 12:00:00 AM
2378,6/22/2026 12:00:00 AM
2378,8/6/2026 12:00:00 AM
2379,6/25/2026 12:00:00 AM
2379,8/11/2026 12:00:00 AM
2381,8/27/2026 12:00:00 AM
2382,4/9/2026 12:00:00 AM
2382,5/18/2026 12:00:00 AM
2382,5/22/2026 12:00:00 AM
2382,6/25/2026 12:00:00 AM
2382,7/30/2026 12:00:00 AM
2383,3/3/2026 12:00:00 AM
2383,4/16/2026 12:00:00 AM
2383,6/1/2026 12:00:00 AM
2383,7/7/2026 12:00:00 AM
2383,8/19/2026 12:00:00 AM
2384,5/27/2026 12:00:00 AM
2385,3/23/2026 12:00:00 AM
2385,5/5/2026 12:00:00 AM
2385,6/16/2026 12:00:00 AM
2385,7/29/2026 12:00:00 AM
2385,9/11/2026 12:00:00 AM
2386,3/26/2026 12:00:00 AM
2386,5/11/2026 12:00:00 AM
2386,6/19/2026 12:00:00 AM
2386,8/4/2026 12:00:00 AM
2387,5/15/2026 12:00:00 AM
2389,3/9/2026 12:00:00 AM
2389,4/23/2026 12:00:00 AM
2389,5/13/2026 12:00:00 AM
2389,6/15/2026 12:00:00 AM
2389,6/3/2026 12:00:00 AM
2389,7/14/2026 12:00:00 AM
2389,8/25/2026 12:00:00 AM
2389,9/8/2026 12:00:00 AM
2390,5/7/2026 12:00:00 AM
2393,3/9/2026 12:00:00 AM
2393,4/23/2026 12:00:00 AM
2393,6/3/2026 12:00:00 AM
2393,7/14/2026 12:00:00 AM
2393,8/25/2026 12:00:00 AM
2393,8/6/2026 12:00:00 AM
2393,9/2/2026 12:00:00 AM
2396,3/6/2026 12:00:00 AM
2396,4/21/2026 12:00:00 AM
2396,6/2/2026 12:00:00 AM
2396,7/1/2026 12:00:00 AM
2396,7/8/2026 12:00:00 AM
2396,8/11/2026 12:00:00 AM
2396,8/18/2026 12:00:00 AM
2398,3/3/2026 12:00:00 AM
2398,4/16/2026 12:00:00 AM
2398,6/1/2026 12:00:00 AM
2398,7/7/2026 12:00:00 AM
2398,8/24/2026 12:00:00 AM
2399,3/4/2026 12:00:00 AM
2399,4/22/2026 12:00:00 AM
2399,5/29/2026 12:00:00 AM
2399,7/13/2026 12:00:00 AM
2399,8/24/2026 12:00:00 AM
2401,3/4/2026 12:00:00 AM
2401,4/22/2026 12:00:00 AM
2401,5/29/2026 12:00:00 AM
2401,5/6/2026 12:00:00 AM
2401,7/13/2026 12:00:00 AM
2401,8/24/2026 12:00:00 AM
2403,4/7/2026 12:00:00 AM
2403,5/14/2026 12:00:00 AM
2403,6/23/2026 12:00:00 AM
2403,8/7/2026 12:00:00 AM
2405,4/10/2026 12:00:00 AM
2405,5/20/2026 12:00:00 AM
2405,6/30/2026 12:00:00 AM
2405,8/14/2026 12:00:00 AM
2406,3/5/2026 12:00:00 AM
2406,4/23/2026 12:00:00 AM
2406,5/6/2026 12:00:00 AM
2406,6/3/2026 12:00:00 AM
2406,7/15/2026 12:00:00 AM
2406,8/24/2026 12:00:00 AM
2407,4/8/2026 12:00:00 AM
2407,5/22/2026 12:00:00 AM
2407,7/2/2026 12:00:00 AM
2407,8/12/2026 12:00:00 AM
2408,3/10/2026 12:00:00 AM
2408,4/23/2026 12:00:00 AM
2408,6/4/2026 12:00:00 AM
2408,7/15/2026 12:00:00 AM
2410,3/24/2026 12:00:00 AM
2410,5/7/2026 12:00:00 AM
2410,6/17/2026 12:00:00 AM
2410,8/3/2026 12:00:00 AM
2410,9/11/2026 12:00:00 AM
2411,3/26/2026 12:00:00 AM
2411,5/13/2026 12:00:00 AM
2411,5/8/2026 12:00:00 AM
2411,6/19/2026 12:00:00 AM
2411,8/4/2026 12:00:00 AM
2414,3/12/2026 12:00:00 AM
2414,4/28/2026 12:00:00 AM
2414,6/9/2026 12:00:00 AM
2414,7/17/2026 12:00:00 AM
2414,9/11/2026 12:00:00 AM
2414,9/4/2026 12:00:00 AM
2417,4/9/2026 12:00:00 AM
2417,5/20/2026 12:00:00 AM
2420,3/13/2026 12:00:00 AM
2421,3/5/2026 12:00:00 AM
2421,4/16/2026 12:00:00 AM
2421,6/1/2026 12:00:00 AM
2421,7/7/2026 12:00:00 AM
2421,8/19/2026 12:00:00 AM
2421,9/2/2026 12:00:00 AM
2422,3/12/2026 12:00:00 AM
2422,4/28/2026 12:00:00 AM
2422,6/9/2026 12:00:00 AM
2422,7/21/2026 12:00:00 AM
2423,3/12/2026 12:00:00 AM
2423,4/28/2026 12:00:00 AM
2423,6/9/2026 12:00:00 AM
2423,7/17/2026 12:00:00 AM
2423,8/3/2026 12:00:00 AM
2423,9/2/2026 12:00:00 AM
2424,5/13/2026 12:00:00 AM
2427,3/9/2026 12:00:00 AM
2427,4/23/2026 12:00:00 AM
2427,6/3/2026 12:00:00 AM
2427,7/15/2026 12:00:00 AM
2427,8/24/2026 12:00:00 AM
2430,4/8/2026 12:00:00 AM
2434,3/17/2026 12:00:00 AM
2434,4/28/2026 12:00:00 AM
2434,6/10/2026 12:00:00 AM
2434,7/21/2026 12:00:00 AM
2434,9/2/2026 12:00:00 AM
2435,3/17/2026 12:00:00 AM
2435,4/28/2026 12:00:00 AM
2435,6/10/2026 12:00:00 AM
2435,7/21/2026 12:00:00 AM
2435,9/2/2026 12:00:00 AM
2437,4/24/2026 12:00:00 AM
2437,6/5/2026 12:00:00 AM
2437,7/9/2026 12:00:00 AM
2437,8/21/2026 12:00:00 AM
2438,6/5/2026 12:00:00 AM
2438,7/9/2026 12:00:00 AM
2439,3/11/2026 12:00:00 AM
2439,4/21/2026 12:00:00 AM
2439,6/2/2026 12:00:00 AM
2439,7/8/2026 12:00:00 AM
2439,8/18/2026 12:00:00 AM
2443,3/24/2026 12:00:00 AM
2443,5/8/2026 12:00:00 AM
2443,6/17/2026 12:00:00 AM
2443,8/3/2026 12:00:00 AM
2444,3/17/2026 12:00:00 AM
2444,4/30/2026 12:00:00 AM
2444,5/13/2026 12:00:00 AM
2444,6/8/2026 12:00:00 AM
2444,7/21/2026 12:00:00 AM
2444,9/2/2026 12:00:00 AM
2446,4/14/2026 12:00:00 AM
2447,4/14/2026 12:00:00 AM
2447,8/11/2026 12:00:00 AM
2448,3/16/2026 12:00:00 AM
2449,3/13/2026 12:00:00 AM
2450,3/13/2026 12:00:00 AM
2451,3/25/2026 12:00:00 AM
2451,5/7/2026 12:00:00 AM
2451,6/18/2026 12:00:00 AM
2451,8/5/2026 12:00:00 AM
2453,3/23/2026 12:00:00 AM
2453,7/8/2026 12:00:00 AM
2453,8/18/2026 12:00:00 AM
2457,3/31/2026 12:00:00 AM
2458,4/14/2026 12:00:00 AM
2458,8/11/2026 12:00:00 AM
2459,4/10/2026 12:00:00 AM
2459,5/20/2026 12:00:00 AM
2459,6/30/2026 12:00:00 AM
2459,8/14/2026 12:00:00 AM
2460,3/23/2026 12:00:00 AM
2460,4/22/2026 12:00:00 AM
2460,6/24/2026 12:00:00 AM
2460,6/3/2026 12:00:00 AM
2460,7/13/2026 12:00:00 AM
2460,7/30/2026 12:00:00 AM
2460,8/24/2026 12:00:00 AM
2461,4/8/2026 12:00:00 AM
2461,5/22/2026 12:00:00 AM
2461,7/2/2026 12:00:00 AM
2461,8/21/2026 12:00:00 AM
2463,3/27/2026 12:00:00 AM
2463,5/12/2026 12:00:00 AM
2463,6/26/2026 12:00:00 AM
2463,8/13/2026 12:00:00 AM
2467,3/24/2026 12:00:00 AM
2467,4/30/2026 12:00:00 AM
2467,6/10/2026 12:00:00 AM
2467,7/21/2026 12:00:00 AM
2467,9/4/2026 12:00:00 AM
2468,4/20/2026 12:00:00 AM
2468,5/28/2026 12:00:00 AM
2468,7/10/2026 12:00:00 AM
2468,8/20/2026 12:00:00 AM
2469,3/20/2026 12:00:00 AM
2469,3/26/2026 12:00:00 AM
2469,5/11/2026 12:00:00 AM
2469,6/19/2026 12:00:00 AM
2469,8/4/2026 12:00:00 AM
2472,4/2/2026 12:00:00 AM
2472,5/21/2026 12:00:00 AM
2472,6/30/2026 12:00:00 AM
2472,8/14/2026 12:00:00 AM
2473,3/18/2026 12:00:00 AM
2473,4/30/2026 12:00:00 AM
2473,6/11/2026 12:00:00 AM
2473,7/30/2026 12:00:00 AM
2473,9/10/2026 12:00:00 AM
2474,3/18/2026 12:00:00 AM
2474,6/11/2026 12:00:00 AM
2474,8/20/2026 12:00:00 AM
2476,4/2/2026 12:00:00 AM
2476,6/5/2026 12:00:00 AM
2476,7/9/2026 12:00:00 AM
2476,8/21/2026 12:00:00 AM
2477,4/13/2026 12:00:00 AM
2477,5/22/2026 12:00:00 AM
2477,8/12/2026 12:00:00 AM
2478,3/23/2026 12:00:00 AM
2478,5/6/2026 12:00:00 AM
2478,6/16/2026 12:00:00 AM
2478,7/29/2026 12:00:00 AM
2480,3/24/2026 12:00:00 AM
2481,3/25/2026 12:00:00 AM
2481,4/30/2026 12:00:00 AM
2481,6/8/2026 12:00:00 AM
2481,7/21/2026 12:00:00 AM
2481,9/2/2026 12:00:00 AM
2482,4/6/2026 12:00:00 AM
2482,5/15/2026 12:00:00 AM
2482,6/24/2026 12:00:00 AM
2482,8/11/2026 12:00:00 AM
2483,3/24/2026 12:00:00 AM
2483,4/30/2026 12:00:00 AM
2483,6/15/2026 12:00:00 AM
2483,7/21/2026 12:00:00 AM
2483,9/2/2026 12:00:00 AM
2484,3/23/2026 12:00:00 AM
2484,4/30/2026 12:00:00 AM
2484,5/7/2026 12:00:00 AM
2484,6/12/2026 12:00:00 AM
2484,7/29/2026 12:00:00 AM
2484,9/10/2026 12:00:00 AM
2485,4/24/2026 12:00:00 AM
2486,4/15/2026 12:00:00 AM
2486,5/27/2026 12:00:00 AM
2486,9/2/2026 12:00:00 AM
2490,3/27/2026 12:00:00 AM
2490,5/12/2026 12:00:00 AM
2490,6/26/2026 12:00:00 AM
2490,8/13/2026 12:00:00 AM
2491,3/27/2026 12:00:00 AM
2491,5/12/2026 12:00:00 AM
2491,6/26/2026 12:00:00 AM
2491,8/13/2026 12:00:00 AM
2492,4/10/2026 12:00:00 AM
2493,3/24/2026 12:00:00 AM
2493,5/5/2026 12:00:00 AM
2493,6/10/2026 12:00:00 AM
2493,7/21/2026 12:00:00 AM
2493,9/4/2026 12:00:00 AM
2494,3/23/2026 12:00:00 AM
2494,5/5/2026 12:00:00 AM
2494,6/10/2026 12:00:00 AM
2494,7/21/2026 12:00:00 AM
2494,9/4/2026 12:00:00 AM
2497,3/24/2026 12:00:00 AM
2497,5/11/2026 12:00:00 AM
2497,6/17/2026 12:00:00 AM
2497,8/3/2026 12:00:00 AM
2497,9/11/2026 12:00:00 AM
2499,4/8/2026 12:00:00 AM
2499,5/22/2026 12:00:00 AM
2499,6/30/2026 12:00:00 AM
2499,8/12/2026 12:00:00 AM
2502,4/9/2026 12:00:00 AM
2502,5/12/2026 12:00:00 AM
2502,5/18/2026 12:00:00 AM
2503,3/24/2026 12:00:00 AM
2503,4/30/2026 12:00:00 AM
2503,6/11/2026 12:00:00 AM
2503,7/20/2026 12:00:00 AM
2503,9/4/2026 12:00:00 AM
2504,4/10/2026 12:00:00 AM
2504,5/20/2026 12:00:00 AM
2504,6/30/2026 12:00:00 AM
2505,4/9/2026 12:00:00 AM
2505,5/20/2026 12:00:00 AM
2505,7/10/2026 12:00:00 AM
2505,8/20/2026 12:00:00 AM
2510,3/23/2026 12:00:00 AM
2510,4/24/2026 12:00:00 AM
2510,6/2/2026 12:00:00 AM
2510,7/14/2026 12:00:00 AM
2510,8/26/2026 12:00:00 AM
2511,4/16/2026 12:00:00 AM
2511,5/4/2026 12:00:00 AM
2511,6/1/2026 12:00:00 AM
2511,7/7/2026 12:00:00 AM
2511,8/19/2026 12:00:00 AM
2513,4/7/2026 12:00:00 AM
2513,5/18/2026 12:00:00 AM
2513,6/25/2026 12:00:00 AM
2513,8/17/2026 12:00:00 AM
2514,3/25/2026 12:00:00 AM
2514,4/29/2026 12:00:00 AM
2514,5/7/2026 12:00:00 AM
2514,6/8/2026 12:00:00 AM
2514,7/30/2026 12:00:00 AM
2517,4/7/2026 12:00:00 AM
2517,5/18/2026 12:00:00 AM
2517,6/25/2026 12:00:00 AM
2519,3/25/2026 12:00:00 AM
2519,4/29/2026 12:00:00 AM
2520,4/8/2026 12:00:00 AM
2520,5/22/2026 12:00:00 AM
2521,3/25/2026 12:00:00 AM
2521,4/29/2026 12:00:00 AM
2521,6/8/2026 12:00:00 AM
2521,7/20/2026 12:00:00 AM
2521,8/27/2026 12:00:00 AM
2523,3/27/2026 12:00:00 AM
2523,4/30/2026 12:00:00 AM
2523,6/16/2026 12:00:00 AM
2523,7/28/2026 12:00:00 AM
2524,3/27/2026 12:00:00 AM
2524,5/5/2026 12:00:00 AM
2524,6/25/2026 12:00:00 AM
2524,8/13/2026 12:00:00 AM
2527,3/26/2026 12:00:00 AM
2527,5/7/2026 12:00:00 AM
2527,7/10/2026 12:00:00 AM
2527,8/20/2026 12:00:00 AM
2527,9/4/2026 12:00:00 AM
2528,4/2/2026 12:00:00 AM
2528,6/5/2026 12:00:00 AM
2528,8/21/2026 12:00:00 AM
2529,3/27/2026 12:00:00 AM
2529,5/12/2026 12:00:00 AM
2529,6/26/2026 12:00:00 AM
2529,8/13/2026 12:00:00 AM
2530,4/10/2026 12:00:00 AM
2532,4/6/2026 12:00:00 AM
2532,5/15/2026 12:00:00 AM
2532,7/1/2026 12:00:00 AM
2532,7/30/2026 12:00:00 AM
2532,8/11/2026 12:00:00 AM
2534,4/6/2026 12:00:00 AM
2534,5/15/2026 12:00:00 AM
2534,6/24/2026 12:00:00 AM
2534,8/11/2026 12:00:00 AM
2537,4/9/2026 12:00:00 AM
2537,5/20/2026 12:00:00 AM
2539,4/9/2026 12:00:00 AM
2539,5/20/2026 12:00:00 AM
2539,6/29/2026 12:00:00 AM
2539,8/3/2026 12:00:00 AM
2543,4/9/2026 12:00:00 AM
2543,5/18/2026 12:00:00 AM
2543,8/20/2026 12:00:00 AM
2544,4/8/2026 12:00:00 AM
2544,5/22/2026 12:00:00 AM
2544,7/2/2026 12:00:00 AM
2544,8/12/2026 12:00:00 AM
2552,4/24/2026 12:00:00 AM
2552,6/5/2026 12:00:00 AM
2552,7/9/2026 12:00:00 AM
2552,8/21/2026 12:00:00 AM
2557,4/7/2026 12:00:00 AM
2557,5/18/2026 12:00:00 AM
2557,9/8/2026 12:00:00 AM
2560,4/8/2026 12:00:00 AM
2560,7/6/2026 12:00:00 AM
2562,4/20/2026 12:00:00 AM
2562,5/29/2026 12:00:00 AM
2562,7/6/2026 12:00:00 AM
2562,8/19/2026 12:00:00 AM
2563,4/13/2026 12:00:00 AM
2563,5/22/2026 12:00:00 AM
2563,7/2/2026 12:00:00 AM
2563,8/12/2026 12:00:00 AM
2564,4/7/2026 12:00:00 AM
2564,5/18/2026 12:00:00 AM
2564,6/25/2026 12:00:00 AM
2564,8/11/2026 12:00:00 AM
2565,4/6/2026 12:00:00 AM
2565,5/15/2026 12:00:00 AM
2565,6/24/2026 12:00:00 AM
2565,8/11/2026 12:00:00 AM
2567,4/9/2026 12:00:00 AM
2567,5/18/2026 12:00:00 AM
2567,6/25/2026 12:00:00 AM
2567,7/30/2026 12:00:00 AM
2567,9/11/2026 12:00:00 AM
2569,4/20/2026 12:00:00 AM
2569,7/8/2026 12:00:00 AM
2569,8/20/2026 12:00:00 AM
2570,4/1/2026 12:00:00 AM
2570,4/2/2026 12:00:00 AM
2570,5/13/2026 12:00:00 AM
2570,6/30/2026 12:00:00 AM
2570,8/14/2026 12:00:00 AM
2574,4/9/2026 12:00:00 AM
2575,4/10/2026 12:00:00 AM
2578,4/20/2026 12:00:00 AM
2578,6/4/2026 12:00:00 AM
2578,7/16/2026 12:00:00 AM
2578,8/28/2026 12:00:00 AM
2578,9/4/2026 12:00:00 AM
2580,4/2/2026 12:00:00 AM
2580,5/13/2026 12:00:00 AM
2580,6/30/2026 12:00:00 AM
2580,8/14/2026 12:00:00 AM
2582,4/9/2026 12:00:00 AM
2582,5/20/2026 12:00:00 AM
2582,6/29/2026 12:00:00 AM
2582,7/10/2026 12:00:00 AM
2582,8/20/2026 12:00:00 AM
2582,9/9/2026 12:00:00 AM
2584,4/6/2026 12:00:00 AM
2584,5/15/2026 12:00:00 AM
2584,7/1/2026 12:00:00 AM
2584,8/17/2026 12:00:00 AM
2586,4/10/2026 12:00:00 AM
2587,4/9/2026 12:00:00 AM
2587,5/18/2026 12:00:00 AM
2587,7/1/2026 12:00:00 AM
2587,7/30/2026 12:00:00 AM
2589,5/21/2026 12:00:00 AM
2593,4/9/2026 12:00:00 AM
2593,5/18/2026 12:00:00 AM
2593,7/1/2026 12:00:00 AM
2593,8/13/2026 12:00:00 AM
2595,5/15/2026 12:00:00 AM
2596,4/9/2026 12:00:00 AM
2596,5/18/2026 12:00:00 AM
2596,7/1/2026 12:00:00 AM
2596,8/13/2026 12:00:00 AM
2597,6/22/2026 12:00:00 AM
2598,4/8/2026 12:00:00 AM
2598,5/5/2026 12:00:00 AM
2598,6/17/2026 12:00:00 AM
2598,8/12/2026 12:00:00 AM
2601,4/7/2026 12:00:00 AM
2601,5/15/2026 12:00:00 AM
2601,6/24/2026 12:00:00 AM
2601,8/7/2026 12:00:00 AM
2602,4/23/2026 12:00:00 AM
2602,6/4/2026 12:00:00 AM
2602,7/15/2026 12:00:00 AM
2602,9/8/2026 12:00:00 AM
2604,4/13/2026 12:00:00 AM
2604,5/18/2026 12:00:00 AM
2604,6/29/2026 12:00:00 AM
2604,8/5/2026 12:00:00 AM
2607,4/13/2026 12:00:00 AM
2607,4/24/2026 12:00:00 AM
2607,6/5/2026 12:00:00 AM
2607,7/9/2026 12:00:00 AM
2607,8/21/2026 12:00:00 AM
2608,4/13/2026 12:00:00 AM
2609,5/14/2026 12:00:00 AM
2609,5/4/2026 12:00:00 AM
2609,6/22/2026 12:00:00 AM
2609,8/6/2026 12:00:00 AM
2610,4/13/2026 12:00:00 AM
2610,5/20/2026 12:00:00 AM
2610,6/29/2026 12:00:00 AM
2610,8/3/2026 12:00:00 AM
2611,4/21/2026 12:00:00 AM
2611,5/28/2026 12:00:00 AM
2611,7/14/2026 12:00:00 AM
2611,8/26/2026 12:00:00 AM
2612,4/13/2026 12:00:00 AM
2612,5/18/2026 12:00:00 AM
2612,6/29/2026 12:00:00 AM
2612,8/5/2026 12:00:00 AM
2614,4/24/2026 12:00:00 AM
2615,5/4/2026 12:00:00 AM
2615,6/15/2026 12:00:00 AM
2615,7/22/2026 12:00:00 AM
2615,9/8/2026 12:00:00 AM
2617,4/20/2026 12:00:00 AM
2617,6/4/2026 12:00:00 AM
2617,7/16/2026 12:00:00 AM
2617,8/28/2026 12:00:00 AM
2617,9/4/2026 12:00:00 AM
2619,4/20/2026 12:00:00 AM
2619,6/4/2026 12:00:00 AM
2619,7/16/2026 12:00:00 AM
2619,8/28/2026 12:00:00 AM
2621,4/20/2026 12:00:00 AM
2621,5/28/2026 12:00:00 AM
2621,7/22/2026 12:00:00 AM
2621,9/1/2026 12:00:00 AM
2625,5/14/2026 12:00:00 AM
2625,9/10/2026 12:00:00 AM
2629,4/24/2026 12:00:00 AM
2631,4/24/2026 12:00:00 AM
2631,5/12/2026 12:00:00 AM
2632,4/21/2026 12:00:00 AM
2633,4/20/2026 12:00:00 AM
2633,5/22/2026 12:00:00 AM
2634,4/20/2026 12:00:00 AM
2634,5/29/2026 12:00:00 AM
2634,7/15/2026 12:00:00 AM
2634,8/26/2026 12:00:00 AM
2638,4/24/2026 12:00:00 AM
2638,8/12/2026 12:00:00 AM
2640,4/22/2026 12:00:00 AM
2640,6/3/2026 12:00:00 AM
2640,7/13/2026 12:00:00 AM
2640,8/24/2026 12:00:00 AM
2641,5/15/2026 12:00:00 AM
2642,4/24/2026 12:00:00 AM
2642,6/5/2026 12:00:00 AM
2642,7/9/2026 12:00:00 AM
2642,8/25/2026 12:00:00 AM
2643,5/28/2026 12:00:00 AM
2643,5/6/2026 12:00:00 AM
2644,4/29/2026 12:00:00 AM
2644,7/8/2026 12:00:00 AM
2645,4/23/2026 12:00:00 AM
2645,6/4/2026 12:00:00 AM
2645,7/15/2026 12:00:00 AM
2645,8/26/2026 12:00:00 AM
2646,4/30/2026 12:00:00 AM
2646,5/7/2026 12:00:00 AM
2646,6/11/2026 12:00:00 AM
2646,7/29/2026 12:00:00 AM
2646,9/9/2026 12:00:00 AM
2647,4/24/2026 12:00:00 AM
2647,6/3/2026 12:00:00 AM
2647,7/15/2026 12:00:00 AM
2647,8/11/2026 12:00:00 AM
2647,8/24/2026 12:00:00 AM
2652,4/24/2026 12:00:00 AM
2652,6/5/2026 12:00:00 AM
2652,7/9/2026 12:00:00 AM
2652,8/21/2026 12:00:00 AM
2655,5/4/2026 12:00:00 AM
2655,6/15/2026 12:00:00 AM
2655,7/22/2026 12:00:00 AM
2655,9/8/2026 12:00:00 AM
2656,5/1/2026 12:00:00 AM
2656,5/20/2026 12:00:00 AM
2657,5/4/2026 12:00:00 AM
2657,6/22/2026 12:00:00 AM
2657,8/6/2026 12:00:00 AM
2658,4/30/2026 12:00:00 AM
2658,6/12/2026 12:00:00 AM
2658,7/29/2026 12:00:00 AM
2658,9/10/2026 12:00:00 AM
2659,5/1/2026 12:00:00 AM
2659,6/5/2026 12:00:00 AM
2659,7/9/2026 12:00:00 AM
2659,8/21/2026 12:00:00 AM
2660,5/4/2026 12:00:00 AM
2660,6/24/2026 12:00:00 AM
2660,8/11/2026 12:00:00 AM
2661,5/1/2026 12:00:00 AM
2662,5/4/2026 12:00:00 AM
2662,6/15/2026 12:00:00 AM
2662,7/22/2026 12:00:00 AM
2662,9/8/2026 12:00:00 AM
2663,5/7/2026 12:00:00 AM
2663,6/18/2026 12:00:00 AM
2663,8/5/2026 12:00:00 AM
2665,5/15/2026 12:00:00 AM
2666,5/4/2026 12:00:00 AM
2666,6/24/2026 12:00:00 AM
2666,8/6/2026 12:00:00 AM
2671,5/14/2026 12:00:00 AM
2671,6/22/2026 12:00:00 AM
2671,8/6/2026 12:00:00 AM
2672,5/11/2026 12:00:00 AM
2672,6/19/2026 12:00:00 AM
2672,8/4/2026 12:00:00 AM
2673,5/11/2026 12:00:00 AM
2673,6/18/2026 12:00:00 AM
2673,8/4/2026 12:00:00 AM
2674,5/11/2026 12:00:00 AM
2680,5/20/2026 12:00:00 AM
2680,6/30/2026 12:00:00 AM
2680,8/14/2026 12:00:00 AM
2681,5/18/2026 12:00:00 AM
2681,6/25/2026 12:00:00 AM
2681,8/11/2026 12:00:00 AM
2683,5/28/2026 12:00:00 AM
2683,6/15/2026 12:00:00 AM
2687,5/29/2026 12:00:00 AM
2687,7/13/2026 12:00:00 AM
2687,8/24/2026 12:00:00 AM
2689,5/27/2026 12:00:00 AM
2689,6/23/2026 12:00:00 AM
2689,8/7/2026 12:00:00 AM
2690,5/29/2026 12:00:00 AM
2690,7/8/2026 12:00:00 AM
2690,8/20/2026 12:00:00 AM
2692,5/22/2026 12:00:00 AM
2692,7/2/2026 12:00:00 AM
2692,8/21/2026 12:00:00 AM
2692,8/3/2026 12:00:00 AM
2695,6/2/2026 12:00:00 AM
2695,7/8/2026 12:00:00 AM
2695,8/20/2026 12:00:00 AM
2697,6/5/2026 12:00:00 AM
2697,7/9/2026 12:00:00 AM
2697,8/21/2026 12:00:00 AM
2699,6/15/2026 12:00:00 AM
2699,6/2/2026 12:00:00 AM
2699,7/1/2026 12:00:00 AM
2702,6/5/2026 12:00:00 AM
2702,8/12/2026 12:00:00 AM
2703,6/5/2026 12:00:00 AM
2703,7/16/2026 12:00:00 AM
2703,8/28/2026 12:00:00 AM
2705,6/5/2026 12:00:00 AM
2705,7/9/2026 12:00:00 AM
2705,8/21/2026 12:00:00 AM
2706,6/10/2026 12:00:00 AM
2706,7/28/2026 12:00:00 AM
2706,9/9/2026 12:00:00 AM
2708,6/15/2026 12:00:00 AM
2709,6/10/2026 12:00:00 AM
2710,6/25/2026 12:00:00 AM
2710,8/3/2026 12:00:00 AM
2711,6/15/2026 12:00:00 AM
2711,7/22/2026 12:00:00 AM
2711,9/8/2026 12:00:00 AM
2712,6/10/2026 12:00:00 AM
2712,7/20/2026 12:00:00 AM
2712,8/27/2026 12:00:00 AM
2714,6/12/2026 12:00:00 AM
2715,6/16/2026 12:00:00 AM
2715,7/29/2026 12:00:00 AM
2715,9/10/2026 12:00:00 AM
2717,6/23/2026 12:00:00 AM
2717,8/7/2026 12:00:00 AM
2718,9/8/2026 12:00:00 AM
2719,6/18/2026 12:00:00 AM
2719,7/10/2026 12:00:00 AM
2719,8/5/2026 12:00:00 AM
2720,6/18/2026 12:00:00 AM
2720,8/5/2026 12:00:00 AM
2721,8/14/2026 12:00:00 AM
2722,6/18/2026 12:00:00 AM
2722,7/28/2026 12:00:00 AM
2722,9/11/2026 12:00:00 AM
2723,6/23/2026 12:00:00 AM
2723,8/7/2026 12:00:00 AM
2723,9/10/2026 12:00:00 AM
2727,6/30/2026 12:00:00 AM
2727,8/14/2026 12:00:00 AM
2729,6/24/2026 12:00:00 AM
2729,8/11/2026 12:00:00 AM
2730,6/25/2026 12:00:00 AM
2730,7/29/2026 12:00:00 AM
2732,7/1/2026 12:00:00 AM
2732,8/14/2026 12:00:00 AM
2733,7/1/2026 12:00:00 AM
2733,8/12/2026 12:00:00 AM
2734,7/1/2026 12:00:00 AM
2734,8/13/2026 12:00:00 AM
2735,7/2/2026 12:00:00 AM
2735,8/17/2026 12:00:00 AM
2737,7/1/2026 12:00:00 AM
2737,8/12/2026 12:00:00 AM
2739,7/2/2026 12:00:00 AM
2739,8/18/2026 12:00:00 AM
2740,7/1/2026 12:00:00 AM
2740,8/12/2026 12:00:00 AM
2741,7/30/2026 12:00:00 AM
2742,7/6/2026 12:00:00 AM
2742,8/25/2026 12:00:00 AM
2743,7/30/2026 12:00:00 AM
2743,7/8/2026 12:00:00 AM
2744,7/9/2026 12:00:00 AM
2745,7/8/2026 12:00:00 AM
2745,8/17/2026 12:00:00 AM
2745,9/9/2026 12:00:00 AM
2746,7/10/2026 12:00:00 AM
2746,8/21/2026 12:00:00 AM
2747,7/10/2026 12:00:00 AM
2747,8/17/2026 12:00:00 AM
2750,7/15/2026 12:00:00 AM
2750,8/11/2026 12:00:00 AM
2750,8/26/2026 12:00:00 AM
2752,7/16/2026 12:00:00 AM
2752,8/28/2026 12:00:00 AM
2754,7/30/2026 12:00:00 AM
2756,7/16/2026 12:00:00 AM
2756,9/1/2026 12:00:00 AM
2757,7/16/2026 12:00:00 AM
2757,8/17/2026 12:00:00 AM
2757,9/1/2026 12:00:00 AM
2757,9/11/2026 12:00:00 AM
2759,8/17/2026 12:00:00 AM
2759,9/8/2026 12:00:00 AM
2760,7/16/2026 12:00:00 AM
2760,8/24/2026 12:00:00 AM
2760,8/3/2026 12:00:00 AM
2762,7/16/2026 12:00:00 AM
2763,7/20/2026 12:00:00 AM
2763,9/4/2026 12:00:00 AM
2766,8/14/2026 12:00:00 AM
2767,7/21/2026 12:00:00 AM
2767,8/27/2026 12:00:00 AM
2770,7/22/2026 12:00:00 AM
2770,8/6/2026 12:00:00 AM
2770,9/8/2026 12:00:00 AM
2771,7/27/2026 12:00:00 AM
2772,8/3/2026 12:00:00 AM
2773,8/17/2026 12:00:00 AM
2779,8/5/2026 12:00:00 AM
2780,7/30/2026 12:00:00 AM
2781,7/30/2026 12:00:00 AM
2782,7/31/2026 12:00:00 AM
2782,8/11/2026 12:00:00 AM
2784,8/11/2026 12:00:00 AM
2785,8/4/2026 12:00:00 AM
2787,8/17/2026 12:00:00 AM
2788,8/12/2026 12:00:00 AM
2789,8/11/2026 12:00:00 AM
2789,8/20/2026 12:00:00 AM
2789,9/11/2026 12:00:00 AM
2790,8/12/2026 12:00:00 AM
2793,8/11/2026 12:00:00 AM
2794,8/17/2026 12:00:00 AM
2794,9/8/2026 12:00:00 AM
2797,8/13/2026 12:00:00 AM
2798,8/11/2026 12:00:00 AM
2800,8/17/2026 12:00:00 AM
2804,8/11/2026 12:00:00 AM
2805,8/18/2026 12:00:00 AM
2805,9/10/2026 12:00:00 AM
2806,8/11/2026 12:00:00 AM
2807,8/17/2026 12:00:00 AM
2808,8/17/2026 12:00:00 AM
2810,8/20/2026 12:00:00 AM
2811,8/17/2026 12:00:00 AM
2813,8/17/2026 12:00:00 AM
2814,8/20/2026 12:00:00 AM
2815,8/20/2026 12:00:00 AM
2816,8/19/2026 12:00:00 AM
2818,8/20/2026 12:00:00 AM
2819,8/25/2026 12:00:00 AM
2819,9/4/2026 12:00:00 AM
2821,8/20/2026 12:00:00 AM
2822,8/25/2026 12:00:00 AM
2825,8/25/2026 12:00:00 AM
2826,8/25/2026 12:00:00 AM
2827,9/1/2026 12:00:00 AM
2828,8/25/2026 12:00:00 AM
2831,8/28/2026 12:00:00 AM
2832,9/9/2026 12:00:00 AM
2833,8/28/2026 12:00:00 AM
2834,9/4/2026 12:00:00 AM
2835,9/1/2026 12:00:00 AM
2837,9/1/2026 12:00:00 AM
2840,9/8/2026 12:00:00 AM
2841,9/2/2026 12:00:00 AM
2842,9/8/2026 12:00:00 AM
2844,9/8/2026 12:00:00 AM
2845,9/4/2026 12:00:00 AM
2848,9/9/2026 12:00:00 AM
2849,9/9/2026 12:00:00 AM
2851,9/8/2026 12:00:00 AM
